{"v":"5.3.4","fr":60,"ip":0,"op":240,"w":400,"h":400,"nm":"preloader_art_blocks","ddd":0,"assets":[],"layers":[{"ddd":0,"ind":1,"ty":4,"nm":"preloader_art_blocks Outlines 5","sr":1,"ks":{"o":{"a":0,"k":100,"ix":11},"r":{"a":0,"k":0,"ix":10},"p":{"a":1,"k":[{"i":{"x":0.833,"y":0.833},"o":{"x":0.167,"y":0.167},"n":"0p833_0p833_0p167_0p167","t":120,"s":[200,200,0],"e":[200,150,0],"to":[0,-8.33333301544189,0],"ti":[0,8.33333301544189,0]},{"i":{"x":0.833,"y":0.833},"o":{"x":0.167,"y":0.167},"n":"0p833_0p833_0p167_0p167","t":130,"s":[200,150,0],"e":[200,150,0],"to":[0,0,0],"ti":[0,0,0]},{"i":{"x":0.833,"y":0.833},"o":{"x":0.167,"y":0.167},"n":"0p833_0p833_0p167_0p167","t":140,"s":[200,150,0],"e":[150,150,0],"to":[-8.33333301544189,0,0],"ti":[8.33333301544189,0,0]},{"i":{"x":0.833,"y":0.833},"o":{"x":0.167,"y":0.167},"n":"0p833_0p833_0p167_0p167","t":150,"s":[150,150,0],"e":[150,150,0],"to":[0,0,0],"ti":[0,0,0]},{"i":{"x":0.833,"y":0.833},"o":{"x":0.167,"y":0.167},"n":"0p833_0p833_0p167_0p167","t":160,"s":[150,150,0],"e":[150,200,0],"to":[0,8.33333301544189,0],"ti":[0,-8.33333301544189,0]},{"t":170}],"ix":2,"x":"var $bm_rt;\nvar damping, elasticity, simulation, speedLimit, elasticity, retard, poids, precision, tempsDebut, tempsRedemarrage, stop, arrete, i, tempsRedemarrage, tempsDebut, temps, frameRedemarre, valeur, tempsClefProx, tempsDebut, tempsDebut, temps, spring, spring;\nvar fx = effect('Transform Spring');\ndamping = fx(2).value;\nelasticity = fx(1).value;\nsimulation = fx(3).value;\nspeedLimit = 0.1;\nif (damping == 0)\n    damping = 0.01;\nif (elasticity == 0)\n    elasticity = 0.01;\nretard = div(elasticity, damping);\npoids = div(div(1, damping), 10);\nprecision = thisComp.frameDuration;\nvar result = value;\nfunction worldVelocity(temps) {\n    var worldVelocityX, worldVelocityY;\n    worldVelocityX = mul(sub(thisLayer.toWorld(thisLayer.anchorPoint, temps)[0], thisLayer.toWorld(thisLayer.anchorPoint, sub(temps, 0.01))[0]), 100);\n    worldVelocityY = mul(sub(thisLayer.toWorld(thisLayer.anchorPoint, temps)[1], thisLayer.toWorld(thisLayer.anchorPoint, sub(temps, 0.01))[1]), 100);\n    return [\n        worldVelocityX,\n        worldVelocityY\n    ];\n}\nfunction worldSpeed(temps) {\n    return length(worldVelocity(temps));\n}\nif (simulation == 2) {\n    tempsDebut = 0;\n    tempsRedemarrage = 0;\n    stop = false;\n    arrete = false;\n    for (i = timeToFrames(time); i >= 0; i--) {\n        var instant = framesToTime(i);\n        var instantSuivant = sub(instant, precision);\n        if (worldSpeed(instant) == 0) {\n            if (tempsRedemarrage == 0)\n                tempsRedemarrage = instant;\n            if (worldSpeed(instantSuivant) != 0) {\n                tempsDebut = instantSuivant;\n                break;\n            }\n        }\n    }\n    temps = sub(time, tempsDebut);\n    frameRedemarre = timeToFrames(sub(time, tempsRedemarrage));\n    valeur = value;\n    if (frameRedemarre <= retard)\n        result = sub(value, mul(mul(worldVelocity(time), poids), div(frameRedemarre, retard)));\n    else\n        result = sub(value, mul(worldVelocity(time), poids));\n    if (worldSpeed(time) == 0) {\n        result = sum(result, mul(worldVelocity(tempsDebut), div(mul(div(0.15, elasticity), Math.sin(mul(mul(mul(elasticity, temps), 2), Math.PI))), Math.exp(mul(temps, damping)))));\n    }\n} else if (numKeys > 1 && elasticity != 0 && nearestKey(time).index != 1 && length(velocity) <= speedLimit) {\n    tempsClefProx = nearestKey(time).time;\n    if (tempsClefProx <= time) {\n        tempsDebut = tempsClefProx;\n    } else {\n        tempsDebut = key(sub(nearestKey(time).index, 1)).time;\n    }\n    temps = sub(time, tempsDebut);\n    spring = mul(velocityAtTime(sub(tempsDebut, thisComp.frameDuration)), div(mul(div(0.15, elasticity), Math.sin(mul(mul(mul(elasticity, temps), 2), Math.PI))), Math.exp(mul(temps, damping))));\n    if (speedLimit > 0)\n        spring = mul(spring, sub(1, div(length(velocity), speedLimit)));\n    result = sum(valueAtTime(tempsDebut), spring);\n}\n$bm_rt = result;"},"a":{"a":0,"k":[200,200,0],"ix":1},"s":{"a":0,"k":[100,100,100],"ix":6}},"ao":0,"ef":[{"ty":5,"nm":"Transform Spring","np":5,"mn":"Pseudo/DUIK spatial spring","ix":1,"en":1,"ef":[{"ty":0,"nm":"Elasticity","mn":"Pseudo/DUIK spatial spring-0001","ix":1,"v":{"a":0,"k":5,"ix":1}},{"ty":0,"nm":"Damping","mn":"Pseudo/DUIK spatial spring-0002","ix":2,"v":{"a":0,"k":15,"ix":2}},{"ty":7,"nm":"Mode","mn":"Pseudo/DUIK spatial spring-0003","ix":3,"v":{"a":0,"k":1,"ix":3}}]}],"shapes":[{"ty":"gr","it":[{"ind":0,"ty":"sh","ix":1,"ks":{"a":0,"k":{"i":[[2.844,0],[0,0],[0,2.843],[0,0],[-2.844,0],[0,0],[0,-2.844],[0,0]],"o":[[0,0],[-2.844,0],[0,0],[0,-2.844],[0,0],[2.844,0],[0,0],[0,2.843]],"v":[[15.851,21],[-15.85,21],[-21,15.851],[-21,-15.85],[-15.85,-21],[15.851,-21],[21,-15.85],[21,15.851]],"c":true},"ix":2},"nm":"Path 1","mn":"ADBE Vector Shape - Group","hd":false},{"ty":"fl","c":{"a":1,"k":[{"i":{"x":[0.833],"y":[0.833]},"o":{"x":[0.167],"y":[0.167]},"n":["0p833_0p833_0p167_0p167"],"t":120,"s":[0.752999997606,0.834999952129,0.670999983245,1],"e":[0.392156869173,0.529411792755,0.439215689898,1]},{"i":{"x":[0.833],"y":[0.833]},"o":{"x":[0.167],"y":[0.167]},"n":["0p833_0p833_0p167_0p167"],"t":130,"s":[0.392156869173,0.529411792755,0.439215689898,1],"e":[0.392156869173,0.529411792755,0.439215689898,1]},{"i":{"x":[0.833],"y":[0.833]},"o":{"x":[0.167],"y":[0.167]},"n":["0p833_0p833_0p167_0p167"],"t":160,"s":[0.392156869173,0.529411792755,0.439215689898,1],"e":[0.309803932905,0.666666686535,0.68235296011,1]},{"t":170}],"ix":4},"o":{"a":0,"k":100,"ix":5},"r":1,"nm":"Fill 1","mn":"ADBE Vector Graphic - Fill","hd":false},{"ty":"tr","p":{"a":0,"k":[275,200],"ix":2},"a":{"a":0,"k":[0,0],"ix":1},"s":{"a":0,"k":[100,100],"ix":3},"r":{"a":0,"k":0,"ix":6},"o":{"a":0,"k":100,"ix":7},"sk":{"a":0,"k":0,"ix":4},"sa":{"a":0,"k":0,"ix":5},"nm":"Transform"}],"nm":"Group 1","np":2,"cix":2,"ix":1,"mn":"ADBE Vector Group","hd":false}],"ip":0,"op":240,"st":-10,"bm":0},{"ddd":0,"ind":2,"ty":4,"nm":"preloader_art_blocks Outlines 4","sr":1,"ks":{"o":{"a":0,"k":100,"ix":11},"r":{"a":0,"k":0,"ix":10},"p":{"a":1,"k":[{"i":{"x":0.833,"y":0.833},"o":{"x":0.167,"y":0.167},"n":"0p833_0p833_0p167_0p167","t":80,"s":[200,200,0],"e":[200,250,0],"to":[0,8.33333301544189,0],"ti":[0,-8.33333301544189,0]},{"i":{"x":0.833,"y":0.833},"o":{"x":0.167,"y":0.167},"n":"0p833_0p833_0p167_0p167","t":90,"s":[200,250,0],"e":[200,250,0],"to":[0,0,0],"ti":[0,0,0]},{"i":{"x":0.833,"y":0.833},"o":{"x":0.167,"y":0.167},"n":"0p833_0p833_0p167_0p167","t":100,"s":[200,250,0],"e":[250,250,0],"to":[8.33333301544189,0,0],"ti":[-8.33333301544189,0,0]},{"i":{"x":0.833,"y":0.833},"o":{"x":0.167,"y":0.167},"n":"0p833_0p833_0p167_0p167","t":110,"s":[250,250,0],"e":[250,250,0],"to":[0,0,0],"ti":[0,0,0]},{"i":{"x":0.833,"y":0.833},"o":{"x":0.167,"y":0.167},"n":"0p833_0p833_0p167_0p167","t":120,"s":[250,250,0],"e":[250,200,0],"to":[0,-8.33333301544189,0],"ti":[0,8.33333301544189,0]},{"t":130}],"ix":2,"x":"var $bm_rt;\nvar damping, elasticity, simulation, speedLimit, elasticity, retard, poids, precision, tempsDebut, tempsRedemarrage, stop, arrete, i, tempsRedemarrage, tempsDebut, temps, frameRedemarre, valeur, tempsClefProx, tempsDebut, tempsDebut, temps, spring, spring;\nvar fx = effect('Transform Spring');\ndamping = fx(2).value;\nelasticity = fx(1).value;\nsimulation = fx(3).value;\nspeedLimit = 0.1;\nif (damping == 0)\n    damping = 0.01;\nif (elasticity == 0)\n    elasticity = 0.01;\nretard = div(elasticity, damping);\npoids = div(div(1, damping), 10);\nprecision = thisComp.frameDuration;\nvar result = value;\nfunction worldVelocity(temps) {\n    var worldVelocityX, worldVelocityY;\n    worldVelocityX = mul(sub(thisLayer.toWorld(thisLayer.anchorPoint, temps)[0], thisLayer.toWorld(thisLayer.anchorPoint, sub(temps, 0.01))[0]), 100);\n    worldVelocityY = mul(sub(thisLayer.toWorld(thisLayer.anchorPoint, temps)[1], thisLayer.toWorld(thisLayer.anchorPoint, sub(temps, 0.01))[1]), 100);\n    return [\n        worldVelocityX,\n        worldVelocityY\n    ];\n}\nfunction worldSpeed(temps) {\n    return length(worldVelocity(temps));\n}\nif (simulation == 2) {\n    tempsDebut = 0;\n    tempsRedemarrage = 0;\n    stop = false;\n    arrete = false;\n    for (i = timeToFrames(time); i >= 0; i--) {\n        var instant = framesToTime(i);\n        var instantSuivant = sub(instant, precision);\n        if (worldSpeed(instant) == 0) {\n            if (tempsRedemarrage == 0)\n                tempsRedemarrage = instant;\n            if (worldSpeed(instantSuivant) != 0) {\n                tempsDebut = instantSuivant;\n                break;\n            }\n        }\n    }\n    temps = sub(time, tempsDebut);\n    frameRedemarre = timeToFrames(sub(time, tempsRedemarrage));\n    valeur = value;\n    if (frameRedemarre <= retard)\n        result = sub(value, mul(mul(worldVelocity(time), poids), div(frameRedemarre, retard)));\n    else\n        result = sub(value, mul(worldVelocity(time), poids));\n    if (worldSpeed(time) == 0) {\n        result = sum(result, mul(worldVelocity(tempsDebut), div(mul(div(0.15, elasticity), Math.sin(mul(mul(mul(elasticity, temps), 2), Math.PI))), Math.exp(mul(temps, damping)))));\n    }\n} else if (numKeys > 1 && elasticity != 0 && nearestKey(time).index != 1 && length(velocity) <= speedLimit) {\n    tempsClefProx = nearestKey(time).time;\n    if (tempsClefProx <= time) {\n        tempsDebut = tempsClefProx;\n    } else {\n        tempsDebut = key(sub(nearestKey(time).index, 1)).time;\n    }\n    temps = sub(time, tempsDebut);\n    spring = mul(velocityAtTime(sub(tempsDebut, thisComp.frameDuration)), div(mul(div(0.15, elasticity), Math.sin(mul(mul(mul(elasticity, temps), 2), Math.PI))), Math.exp(mul(temps, damping))));\n    if (speedLimit > 0)\n        spring = mul(spring, sub(1, div(length(velocity), speedLimit)));\n    result = sum(valueAtTime(tempsDebut), spring);\n}\n$bm_rt = result;"},"a":{"a":0,"k":[200,200,0],"ix":1},"s":{"a":0,"k":[100,100,100],"ix":6}},"ao":0,"ef":[{"ty":5,"nm":"Transform Spring","np":5,"mn":"Pseudo/DUIK spatial spring","ix":1,"en":1,"ef":[{"ty":0,"nm":"Elasticity","mn":"Pseudo/DUIK spatial spring-0001","ix":1,"v":{"a":0,"k":5,"ix":1}},{"ty":0,"nm":"Damping","mn":"Pseudo/DUIK spatial spring-0002","ix":2,"v":{"a":0,"k":15,"ix":2}},{"ty":7,"nm":"Mode","mn":"Pseudo/DUIK spatial spring-0003","ix":3,"v":{"a":0,"k":1,"ix":3}}]}],"shapes":[{"ty":"gr","it":[{"ind":0,"ty":"sh","ix":1,"ks":{"a":0,"k":{"i":[[2.844,0],[0,0],[0,2.843],[0,0],[-2.844,0],[0,0],[0,-2.844],[0,0]],"o":[[0,0],[-2.844,0],[0,0],[0,-2.844],[0,0],[2.844,0],[0,0],[0,2.843]],"v":[[15.851,21],[-15.85,21],[-21,15.851],[-21,-15.85],[-15.85,-21],[15.851,-21],[21,-15.85],[21,15.851]],"c":true},"ix":2},"nm":"Path 1","mn":"ADBE Vector Shape - Group","hd":false},{"ty":"fl","c":{"a":1,"k":[{"i":{"x":[0.833],"y":[0.833]},"o":{"x":[0.167],"y":[0.167]},"n":["0p833_0p833_0p167_0p167"],"t":80,"s":[0.310000011968,0.666999966491,0.681999954523,1],"e":[0.392156869173,0.529411792755,0.439215689898,1]},{"i":{"x":[0.833],"y":[0.833]},"o":{"x":[0.167],"y":[0.167]},"n":["0p833_0p833_0p167_0p167"],"t":90,"s":[0.392156869173,0.529411792755,0.439215689898,1],"e":[0.392156869173,0.529411792755,0.439215689898,1]},{"i":{"x":[0.833],"y":[0.833]},"o":{"x":[0.167],"y":[0.167]},"n":["0p833_0p833_0p167_0p167"],"t":120,"s":[0.392156869173,0.529411792755,0.439215689898,1],"e":[0.752941250801,0.835294187069,0.670588254929,1]},{"t":130}],"ix":4},"o":{"a":0,"k":100,"ix":5},"r":1,"nm":"Fill 1","mn":"ADBE Vector Graphic - Fill","hd":false},{"ty":"tr","p":{"a":0,"k":[225,200],"ix":2},"a":{"a":0,"k":[0,0],"ix":1},"s":{"a":0,"k":[100,100],"ix":3},"r":{"a":0,"k":0,"ix":6},"o":{"a":0,"k":100,"ix":7},"sk":{"a":0,"k":0,"ix":4},"sa":{"a":0,"k":0,"ix":5},"nm":"Transform"}],"nm":"Group 2","np":2,"cix":2,"ix":1,"mn":"ADBE Vector Group","hd":false}],"ip":0,"op":240,"st":-10,"bm":0},{"ddd":0,"ind":3,"ty":4,"nm":"preloader_art_blocks Outlines 3","sr":1,"ks":{"o":{"a":0,"k":100,"ix":11},"r":{"a":0,"k":0,"ix":10},"p":{"a":1,"k":[{"i":{"x":0.833,"y":0.833},"o":{"x":0.167,"y":0.167},"n":"0p833_0p833_0p167_0p167","t":40,"s":[200,200,0],"e":[200,150,0],"to":[0,-8.33333301544189,0],"ti":[0,8.33333301544189,0]},{"i":{"x":0.833,"y":0.833},"o":{"x":0.167,"y":0.167},"n":"0p833_0p833_0p167_0p167","t":50,"s":[200,150,0],"e":[200,150,0],"to":[0,0,0],"ti":[0,0,0]},{"i":{"x":0.833,"y":0.833},"o":{"x":0.167,"y":0.167},"n":"0p833_0p833_0p167_0p167","t":60,"s":[200,150,0],"e":[250,150,0],"to":[8.33333301544189,0,0],"ti":[-8.33333301544189,0,0]},{"i":{"x":0.833,"y":0.833},"o":{"x":0.167,"y":0.167},"n":"0p833_0p833_0p167_0p167","t":70,"s":[250,150,0],"e":[250,150,0],"to":[0,0,0],"ti":[0,0,0]},{"i":{"x":0.833,"y":0.833},"o":{"x":0.167,"y":0.167},"n":"0p833_0p833_0p167_0p167","t":80,"s":[250,150,0],"e":[250,200,0],"to":[0,8.33333301544189,0],"ti":[0,-8.33333301544189,0]},{"i":{"x":0.833,"y":0.833},"o":{"x":0.167,"y":0.167},"n":"0p833_0p833_0p167_0p167","t":90,"s":[250,200,0],"e":[250,200,0],"to":[0,0,0],"ti":[0,0,0]},{"i":{"x":0.833,"y":0.833},"o":{"x":0.167,"y":0.167},"n":"0p833_0p833_0p167_0p167","t":160,"s":[250,200,0],"e":[250,250,0],"to":[0,8.33333301544189,0],"ti":[0,-8.33333301544189,0]},{"i":{"x":0.833,"y":0.833},"o":{"x":0.167,"y":0.167},"n":"0p833_0p833_0p167_0p167","t":170,"s":[250,250,0],"e":[250,250,0],"to":[0,0,0],"ti":[0,0,0]},{"i":{"x":0.833,"y":0.833},"o":{"x":0.167,"y":0.167},"n":"0p833_0p833_0p167_0p167","t":180,"s":[250,250,0],"e":[200,250,0],"to":[-8.33333301544189,0,0],"ti":[8.33333301544189,0,0]},{"i":{"x":0.833,"y":0.833},"o":{"x":0.167,"y":0.167},"n":"0p833_0p833_0p167_0p167","t":190,"s":[200,250,0],"e":[200,250,0],"to":[0,0,0],"ti":[0,0,0]},{"i":{"x":0.833,"y":0.833},"o":{"x":0.167,"y":0.167},"n":"0p833_0p833_0p167_0p167","t":200,"s":[200,250,0],"e":[200,200,0],"to":[0,-8.33333301544189,0],"ti":[0,8.33333301544189,0]},{"t":210}],"ix":2,"x":"var $bm_rt;\nvar damping, elasticity, simulation, speedLimit, elasticity, retard, poids, precision, tempsDebut, tempsRedemarrage, stop, arrete, i, tempsRedemarrage, tempsDebut, temps, frameRedemarre, valeur, tempsClefProx, tempsDebut, tempsDebut, temps, spring, spring;\nvar fx = effect('Transform Spring');\ndamping = fx(2).value;\nelasticity = fx(1).value;\nsimulation = fx(3).value;\nspeedLimit = 0.1;\nif (damping == 0)\n    damping = 0.01;\nif (elasticity == 0)\n    elasticity = 0.01;\nretard = div(elasticity, damping);\npoids = div(div(1, damping), 10);\nprecision = thisComp.frameDuration;\nvar result = value;\nfunction worldVelocity(temps) {\n    var worldVelocityX, worldVelocityY;\n    worldVelocityX = mul(sub(thisLayer.toWorld(thisLayer.anchorPoint, temps)[0], thisLayer.toWorld(thisLayer.anchorPoint, sub(temps, 0.01))[0]), 100);\n    worldVelocityY = mul(sub(thisLayer.toWorld(thisLayer.anchorPoint, temps)[1], thisLayer.toWorld(thisLayer.anchorPoint, sub(temps, 0.01))[1]), 100);\n    return [\n        worldVelocityX,\n        worldVelocityY\n    ];\n}\nfunction worldSpeed(temps) {\n    return length(worldVelocity(temps));\n}\nif (simulation == 2) {\n    tempsDebut = 0;\n    tempsRedemarrage = 0;\n    stop = false;\n    arrete = false;\n    for (i = timeToFrames(time); i >= 0; i--) {\n        var instant = framesToTime(i);\n        var instantSuivant = sub(instant, precision);\n        if (worldSpeed(instant) == 0) {\n            if (tempsRedemarrage == 0)\n                tempsRedemarrage = instant;\n            if (worldSpeed(instantSuivant) != 0) {\n                tempsDebut = instantSuivant;\n                break;\n            }\n        }\n    }\n    temps = sub(time, tempsDebut);\n    frameRedemarre = timeToFrames(sub(time, tempsRedemarrage));\n    valeur = value;\n    if (frameRedemarre <= retard)\n        result = sub(value, mul(mul(worldVelocity(time), poids), div(frameRedemarre, retard)));\n    else\n        result = sub(value, mul(worldVelocity(time), poids));\n    if (worldSpeed(time) == 0) {\n        result = sum(result, mul(worldVelocity(tempsDebut), div(mul(div(0.15, elasticity), Math.sin(mul(mul(mul(elasticity, temps), 2), Math.PI))), Math.exp(mul(temps, damping)))));\n    }\n} else if (numKeys > 1 && elasticity != 0 && nearestKey(time).index != 1 && length(velocity) <= speedLimit) {\n    tempsClefProx = nearestKey(time).time;\n    if (tempsClefProx <= time) {\n        tempsDebut = tempsClefProx;\n    } else {\n        tempsDebut = key(sub(nearestKey(time).index, 1)).time;\n    }\n    temps = sub(time, tempsDebut);\n    spring = mul(velocityAtTime(sub(tempsDebut, thisComp.frameDuration)), div(mul(div(0.15, elasticity), Math.sin(mul(mul(mul(elasticity, temps), 2), Math.PI))), Math.exp(mul(temps, damping))));\n    if (speedLimit > 0)\n        spring = mul(spring, sub(1, div(length(velocity), speedLimit)));\n    result = sum(valueAtTime(tempsDebut), spring);\n}\n$bm_rt = result;"},"a":{"a":0,"k":[200,200,0],"ix":1},"s":{"a":0,"k":[100,100,100],"ix":6}},"ao":0,"ef":[{"ty":5,"nm":"Transform Spring","np":5,"mn":"Pseudo/DUIK spatial spring","ix":1,"en":1,"ef":[{"ty":0,"nm":"Elasticity","mn":"Pseudo/DUIK spatial spring-0001","ix":1,"v":{"a":0,"k":5,"ix":1}},{"ty":0,"nm":"Damping","mn":"Pseudo/DUIK spatial spring-0002","ix":2,"v":{"a":0,"k":15,"ix":2}},{"ty":7,"nm":"Mode","mn":"Pseudo/DUIK spatial spring-0003","ix":3,"v":{"a":0,"k":1,"ix":3}}]}],"shapes":[{"ty":"gr","it":[{"ind":0,"ty":"sh","ix":1,"ks":{"a":0,"k":{"i":[[2.844,0],[0,0],[0,2.843],[0,0],[-2.844,0],[0,0],[0,-2.844],[0,0]],"o":[[0,0],[-2.844,0],[0,0],[0,-2.844],[0,0],[2.844,0],[0,0],[0,2.843]],"v":[[15.85,21],[-15.85,21],[-21,15.851],[-21,-15.85],[-15.85,-21],[15.85,-21],[21,-15.85],[21,15.851]],"c":true},"ix":2},"nm":"Path 1","mn":"ADBE Vector Shape - Group","hd":false},{"ty":"fl","c":{"a":1,"k":[{"i":{"x":[0.833],"y":[0.833]},"o":{"x":[0.167],"y":[0.167]},"n":["0p833_0p833_0p167_0p167"],"t":40,"s":[0.451000019148,0.455000005984,0.596000043084,1],"e":[0.392156869173,0.529411792755,0.439215689898,1]},{"i":{"x":[0.833],"y":[0.833]},"o":{"x":[0.167],"y":[0.167]},"n":["0p833_0p833_0p167_0p167"],"t":50,"s":[0.392156869173,0.529411792755,0.439215689898,1],"e":[0.392156869173,0.529411792755,0.439215689898,1]},{"i":{"x":[0.833],"y":[0.833]},"o":{"x":[0.167],"y":[0.167]},"n":["0p833_0p833_0p167_0p167"],"t":80,"s":[0.392156869173,0.529411792755,0.439215689898,1],"e":[0.309803932905,0.666666686535,0.68235296011,1]},{"i":{"x":[0.833],"y":[0.833]},"o":{"x":[0.167],"y":[0.167]},"n":["0p833_0p833_0p167_0p167"],"t":90,"s":[0.309803932905,0.666666686535,0.68235296011,1],"e":[0.309803932905,0.666666686535,0.68235296011,1]},{"i":{"x":[0.833],"y":[0.833]},"o":{"x":[0.167],"y":[0.167]},"n":["0p833_0p833_0p167_0p167"],"t":160,"s":[0.309803932905,0.666666686535,0.68235296011,1],"e":[0.392156869173,0.529411792755,0.439215689898,1]},{"i":{"x":[0.833],"y":[0.833]},"o":{"x":[0.167],"y":[0.167]},"n":["0p833_0p833_0p167_0p167"],"t":170,"s":[0.392156869173,0.529411792755,0.439215689898,1],"e":[0.392156869173,0.529411792755,0.439215689898,1]},{"i":{"x":[0.833],"y":[0.833]},"o":{"x":[0.167],"y":[0.167]},"n":["0p833_0p833_0p167_0p167"],"t":200,"s":[0.392156869173,0.529411792755,0.439215689898,1],"e":[0.450980424881,0.454901993275,0.596078455448,1]},{"t":210}],"ix":4},"o":{"a":0,"k":100,"ix":5},"r":1,"nm":"Fill 1","mn":"ADBE Vector Graphic - Fill","hd":false},{"ty":"tr","p":{"a":0,"k":[175,200],"ix":2},"a":{"a":0,"k":[0,0],"ix":1},"s":{"a":0,"k":[100,100],"ix":3},"r":{"a":0,"k":0,"ix":6},"o":{"a":0,"k":100,"ix":7},"sk":{"a":0,"k":0,"ix":4},"sa":{"a":0,"k":0,"ix":5},"nm":"Transform"}],"nm":"Group 3","np":2,"cix":2,"ix":1,"mn":"ADBE Vector Group","hd":false}],"ip":0,"op":240,"st":-10,"bm":0},{"ddd":0,"ind":4,"ty":4,"nm":"preloader_art_blocks Outlines 2","sr":1,"ks":{"o":{"a":0,"k":100,"ix":11},"r":{"a":0,"k":0,"ix":10},"p":{"a":1,"k":[{"i":{"x":0.833,"y":0.833},"o":{"x":0.167,"y":0.167},"n":"0p833_0p833_0p167_0p167","t":0,"s":[200,200,0],"e":[200,250,0],"to":[0,8.33333301544189,0],"ti":[0,-8.33333301544189,0]},{"i":{"x":0.833,"y":0.833},"o":{"x":0.167,"y":0.167},"n":"0p833_0p833_0p167_0p167","t":10,"s":[200,250,0],"e":[200,250,0],"to":[0,0,0],"ti":[0,0,0]},{"i":{"x":0.833,"y":0.833},"o":{"x":0.167,"y":0.167},"n":"0p833_0p833_0p167_0p167","t":240,"s":[200,250,0],"e":[200,300,0],"to":[0,8.33333301544189,0],"ti":[0,-8.33333301544189,0]},{"t":250}],"ix":2,"x":"var $bm_rt;\nvar damping, elasticity, simulation, speedLimit, elasticity, retard, poids, precision, tempsDebut, tempsRedemarrage, stop, arrete, i, tempsRedemarrage, tempsDebut, temps, frameRedemarre, valeur, tempsClefProx, tempsDebut, tempsDebut, temps, spring, spring;\nvar fx = effect('Transform Spring');\ndamping = fx(2).value;\nelasticity = fx(1).value;\nsimulation = fx(3).value;\nspeedLimit = 0.1;\nif (damping == 0)\n    damping = 0.01;\nif (elasticity == 0)\n    elasticity = 0.01;\nretard = div(elasticity, damping);\npoids = div(div(1, damping), 10);\nprecision = thisComp.frameDuration;\nvar result = value;\nfunction worldVelocity(temps) {\n    var worldVelocityX, worldVelocityY;\n    worldVelocityX = mul(sub(thisLayer.toWorld(thisLayer.anchorPoint, temps)[0], thisLayer.toWorld(thisLayer.anchorPoint, sub(temps, 0.01))[0]), 100);\n    worldVelocityY = mul(sub(thisLayer.toWorld(thisLayer.anchorPoint, temps)[1], thisLayer.toWorld(thisLayer.anchorPoint, sub(temps, 0.01))[1]), 100);\n    return [\n        worldVelocityX,\n        worldVelocityY\n    ];\n}\nfunction worldSpeed(temps) {\n    return length(worldVelocity(temps));\n}\nif (simulation == 2) {\n    tempsDebut = 0;\n    tempsRedemarrage = 0;\n    stop = false;\n    arrete = false;\n    for (i = timeToFrames(time); i >= 0; i--) {\n        var instant = framesToTime(i);\n        var instantSuivant = sub(instant, precision);\n        if (worldSpeed(instant) == 0) {\n            if (tempsRedemarrage == 0)\n                tempsRedemarrage = instant;\n            if (worldSpeed(instantSuivant) != 0) {\n                tempsDebut = instantSuivant;\n                break;\n            }\n        }\n    }\n    temps = sub(time, tempsDebut);\n    frameRedemarre = timeToFrames(sub(time, tempsRedemarrage));\n    valeur = value;\n    if (frameRedemarre <= retard)\n        result = sub(value, mul(mul(worldVelocity(time), poids), div(frameRedemarre, retard)));\n    else\n        result = sub(value, mul(worldVelocity(time), poids));\n    if (worldSpeed(time) == 0) {\n        result = sum(result, mul(worldVelocity(tempsDebut), div(mul(div(0.15, elasticity), Math.sin(mul(mul(mul(elasticity, temps), 2), Math.PI))), Math.exp(mul(temps, damping)))));\n    }\n} else if (numKeys > 1 && elasticity != 0 && nearestKey(time).index != 1 && length(velocity) <= speedLimit) {\n    tempsClefProx = nearestKey(time).time;\n    if (tempsClefProx <= time) {\n        tempsDebut = tempsClefProx;\n    } else {\n        tempsDebut = key(sub(nearestKey(time).index, 1)).time;\n    }\n    temps = sub(time, tempsDebut);\n    spring = mul(velocityAtTime(sub(tempsDebut, thisComp.frameDuration)), div(mul(div(0.15, elasticity), Math.sin(mul(mul(mul(elasticity, temps), 2), Math.PI))), Math.exp(mul(temps, damping))));\n    if (speedLimit > 0)\n        spring = mul(spring, sub(1, div(length(velocity), speedLimit)));\n    result = sum(valueAtTime(tempsDebut), spring);\n}\n$bm_rt = result;"},"a":{"a":0,"k":[200,200,0],"ix":1},"s":{"a":0,"k":[100,100,100],"ix":6}},"ao":0,"ef":[{"ty":5,"nm":"Transform Spring","np":5,"mn":"Pseudo/DUIK spatial spring","ix":1,"en":1,"ef":[{"ty":0,"nm":"Elasticity","mn":"Pseudo/DUIK spatial spring-0001","ix":1,"v":{"a":0,"k":5,"ix":1}},{"ty":0,"nm":"Damping","mn":"Pseudo/DUIK spatial spring-0002","ix":2,"v":{"a":0,"k":15,"ix":2}},{"ty":7,"nm":"Mode","mn":"Pseudo/DUIK spatial spring-0003","ix":3,"v":{"a":0,"k":1,"ix":3}}]}],"shapes":[{"ty":"gr","it":[{"ind":0,"ty":"sh","ix":1,"ks":{"a":0,"k":{"i":[[2.844,0],[0,0],[0,2.844],[0,0],[-2.844,0],[0,0],[0,-2.844],[0,0]],"o":[[0,0],[-2.844,0],[0,0],[0,-2.844],[0,0],[2.844,0],[0,0],[0,2.844]],"v":[[15.85,21],[-15.85,21],[-21,15.85],[-21,-15.85],[-15.85,-21],[15.85,-21],[21,-15.85],[21,15.85]],"c":true},"ix":2},"nm":"Path 1","mn":"ADBE Vector Shape - Group","hd":false},{"ty":"fl","c":{"a":1,"k":[{"i":{"x":[0.833],"y":[0.833]},"o":{"x":[0.167],"y":[0.167]},"n":["0p833_0p833_0p167_0p167"],"t":0,"s":[0.39199999641,0.528999956916,0.438999998803,1],"e":[1,0.458823561668,0.490196108818,1]},{"i":{"x":[0.833],"y":[0.833]},"o":{"x":[0.167],"y":[0.167]},"n":["0p833_0p833_0p167_0p167"],"t":10,"s":[1,0.458823561668,0.490196108818,1],"e":[1,0.458823561668,0.490196108818,1]},{"i":{"x":[0.833],"y":[0.833]},"o":{"x":[0.167],"y":[0.167]},"n":["0p833_0p833_0p167_0p167"],"t":240,"s":[1,0.458823561668,0.490196108818,1],"e":[0.392156869173,0.529411792755,0.439215689898,1]},{"t":250}],"ix":4},"o":{"a":0,"k":100,"ix":5},"r":1,"nm":"Fill 1","mn":"ADBE Vector Graphic - Fill","hd":false},{"ty":"tr","p":{"a":0,"k":[125,150],"ix":2},"a":{"a":0,"k":[0,0],"ix":1},"s":{"a":0,"k":[100,100],"ix":3},"r":{"a":0,"k":0,"ix":6},"o":{"a":0,"k":100,"ix":7},"sk":{"a":0,"k":0,"ix":4},"sa":{"a":0,"k":0,"ix":5},"nm":"Transform"}],"nm":"Group 4","np":2,"cix":2,"ix":1,"mn":"ADBE Vector Group","hd":false}],"ip":0,"op":240,"st":-10,"bm":0},{"ddd":0,"ind":5,"ty":4,"nm":"preloader_art_blocks Outlines","sr":1,"ks":{"o":{"a":0,"k":100,"ix":11},"r":{"a":0,"k":0,"ix":10},"p":{"a":1,"k":[{"i":{"x":0.833,"y":0.833},"o":{"x":0.167,"y":0.167},"n":"0p833_0p833_0p167_0p167","t":0,"s":[200,200,0],"e":[200,250,0],"to":[0,8.33333301544189,0],"ti":[0,-8.33333301544189,0]},{"i":{"x":0.833,"y":0.833},"o":{"x":0.167,"y":0.167},"n":"0p833_0p833_0p167_0p167","t":10,"s":[200,250,0],"e":[200,250,0],"to":[0,0,0],"ti":[0,0,0]},{"i":{"x":0.833,"y":0.833},"o":{"x":0.167,"y":0.167},"n":"0p833_0p833_0p167_0p167","t":20,"s":[200,250,0],"e":[250,250,0],"to":[8.33333301544189,0,0],"ti":[-8.33333301544189,0,0]},{"i":{"x":0.833,"y":0.833},"o":{"x":0.167,"y":0.167},"n":"0p833_0p833_0p167_0p167","t":30,"s":[250,250,0],"e":[250,250,0],"to":[0,0,0],"ti":[0,0,0]},{"i":{"x":0.833,"y":0.833},"o":{"x":0.167,"y":0.167},"n":"0p833_0p833_0p167_0p167","t":40,"s":[250,250,0],"e":[250,200,0],"to":[0,-8.33333301544189,0],"ti":[0,8.33333301544189,0]},{"i":{"x":0.833,"y":0.833},"o":{"x":0.167,"y":0.167},"n":"0p833_0p833_0p167_0p167","t":50,"s":[250,200,0],"e":[250,200,0],"to":[0,0,0],"ti":[0,0,0]},{"i":{"x":0.833,"y":0.833},"o":{"x":0.167,"y":0.167},"n":"0p833_0p833_0p167_0p167","t":200,"s":[250,200,0],"e":[250,150,0],"to":[0,-8.33333301544189,0],"ti":[0,8.33333301544189,0]},{"i":{"x":0.833,"y":0.833},"o":{"x":0.167,"y":0.167},"n":"0p833_0p833_0p167_0p167","t":210,"s":[250,150,0],"e":[250,150,0],"to":[0,0,0],"ti":[0,0,0]},{"i":{"x":0.833,"y":0.833},"o":{"x":0.167,"y":0.167},"n":"0p833_0p833_0p167_0p167","t":220,"s":[250,150,0],"e":[200,150,0],"to":[-8.33333301544189,0,0],"ti":[8.33333301544189,0,0]},{"i":{"x":0.833,"y":0.833},"o":{"x":0.167,"y":0.167},"n":"0p833_0p833_0p167_0p167","t":230,"s":[200,150,0],"e":[200,150,0],"to":[0,0,0],"ti":[0,0,0]},{"i":{"x":0.833,"y":0.833},"o":{"x":0.167,"y":0.167},"n":"0p833_0p833_0p167_0p167","t":240,"s":[200,150,0],"e":[200,200,0],"to":[0,8.33333301544189,0],"ti":[0,-8.33333301544189,0]},{"t":250}],"ix":2,"x":"var $bm_rt;\nvar damping, elasticity, simulation, speedLimit, elasticity, retard, poids, precision, tempsDebut, tempsRedemarrage, stop, arrete, i, tempsRedemarrage, tempsDebut, temps, frameRedemarre, valeur, tempsClefProx, tempsDebut, tempsDebut, temps, spring, spring;\nvar fx = effect('Transform Spring');\ndamping = fx(2).value;\nelasticity = fx(1).value;\nsimulation = fx(3).value;\nspeedLimit = 0.1;\nif (damping == 0)\n    damping = 0.01;\nif (elasticity == 0)\n    elasticity = 0.01;\nretard = div(elasticity, damping);\npoids = div(div(1, damping), 10);\nprecision = thisComp.frameDuration;\nvar result = value;\nfunction worldVelocity(temps) {\n    var worldVelocityX, worldVelocityY;\n    worldVelocityX = mul(sub(thisLayer.toWorld(thisLayer.anchorPoint, temps)[0], thisLayer.toWorld(thisLayer.anchorPoint, sub(temps, 0.01))[0]), 100);\n    worldVelocityY = mul(sub(thisLayer.toWorld(thisLayer.anchorPoint, temps)[1], thisLayer.toWorld(thisLayer.anchorPoint, sub(temps, 0.01))[1]), 100);\n    return [\n        worldVelocityX,\n        worldVelocityY\n    ];\n}\nfunction worldSpeed(temps) {\n    return length(worldVelocity(temps));\n}\nif (simulation == 2) {\n    tempsDebut = 0;\n    tempsRedemarrage = 0;\n    stop = false;\n    arrete = false;\n    for (i = timeToFrames(time); i >= 0; i--) {\n        var instant = framesToTime(i);\n        var instantSuivant = sub(instant, precision);\n        if (worldSpeed(instant) == 0) {\n            if (tempsRedemarrage == 0)\n                tempsRedemarrage = instant;\n            if (worldSpeed(instantSuivant) != 0) {\n                tempsDebut = instantSuivant;\n                break;\n            }\n        }\n    }\n    temps = sub(time, tempsDebut);\n    frameRedemarre = timeToFrames(sub(time, tempsRedemarrage));\n    valeur = value;\n    if (frameRedemarre <= retard)\n        result = sub(value, mul(mul(worldVelocity(time), poids), div(frameRedemarre, retard)));\n    else\n        result = sub(value, mul(worldVelocity(time), poids));\n    if (worldSpeed(time) == 0) {\n        result = sum(result, mul(worldVelocity(tempsDebut), div(mul(div(0.15, elasticity), Math.sin(mul(mul(mul(elasticity, temps), 2), Math.PI))), Math.exp(mul(temps, damping)))));\n    }\n} else if (numKeys > 1 && elasticity != 0 && nearestKey(time).index != 1 && length(velocity) <= speedLimit) {\n    tempsClefProx = nearestKey(time).time;\n    if (tempsClefProx <= time) {\n        tempsDebut = tempsClefProx;\n    } else {\n        tempsDebut = key(sub(nearestKey(time).index, 1)).time;\n    }\n    temps = sub(time, tempsDebut);\n    spring = mul(velocityAtTime(sub(tempsDebut, thisComp.frameDuration)), div(mul(div(0.15, elasticity), Math.sin(mul(mul(mul(elasticity, temps), 2), Math.PI))), Math.exp(mul(temps, damping))));\n    if (speedLimit > 0)\n        spring = mul(spring, sub(1, div(length(velocity), speedLimit)));\n    result = sum(valueAtTime(tempsDebut), spring);\n}\n$bm_rt = result;"},"a":{"a":0,"k":[200,200,0],"ix":1},"s":{"a":0,"k":[100,100,100],"ix":6}},"ao":0,"ef":[{"ty":5,"nm":"Transform Spring","np":5,"mn":"Pseudo/DUIK spatial spring","ix":1,"en":1,"ef":[{"ty":0,"nm":"Elasticity","mn":"Pseudo/DUIK spatial spring-0001","ix":1,"v":{"a":0,"k":5,"ix":1}},{"ty":0,"nm":"Damping","mn":"Pseudo/DUIK spatial spring-0002","ix":2,"v":{"a":0,"k":15,"ix":2}},{"ty":7,"nm":"Mode","mn":"Pseudo/DUIK spatial spring-0003","ix":3,"v":{"a":0,"k":1,"ix":3}}]}],"shapes":[{"ty":"gr","it":[{"ind":0,"ty":"sh","ix":1,"ks":{"a":0,"k":{"i":[[2.844,0],[0,0],[0,2.843],[0,0],[-2.844,0],[0,0],[0,-2.844],[0,0]],"o":[[0,0],[-2.844,0],[0,0],[0,-2.844],[0,0],[2.844,0],[0,0],[0,2.843]],"v":[[15.85,21],[-15.85,21],[-21,15.851],[-21,-15.85],[-15.85,-21],[15.85,-21],[21,-15.85],[21,15.851]],"c":true},"ix":2},"nm":"Path 1","mn":"ADBE Vector Shape - Group","hd":false},{"ty":"fl","c":{"a":1,"k":[{"i":{"x":[0.833],"y":[0.833]},"o":{"x":[0.167],"y":[0.167]},"n":["0p833_0p833_0p167_0p167"],"t":0,"s":[1,0.458999992819,0.490000017952,1],"e":[0.392156869173,0.529411792755,0.439215689898,1]},{"i":{"x":[0.833],"y":[0.833]},"o":{"x":[0.167],"y":[0.167]},"n":["0p833_0p833_0p167_0p167"],"t":10,"s":[0.392156869173,0.529411792755,0.439215689898,1],"e":[0.392156869173,0.529411792755,0.439215689898,1]},{"i":{"x":[0.833],"y":[0.833]},"o":{"x":[0.167],"y":[0.167]},"n":["0p833_0p833_0p167_0p167"],"t":40,"s":[0.392156869173,0.529411792755,0.439215689898,1],"e":[0.450980424881,0.454901993275,0.596078455448,1]},{"i":{"x":[0.833],"y":[0.833]},"o":{"x":[0.167],"y":[0.167]},"n":["0p833_0p833_0p167_0p167"],"t":50,"s":[0.450980424881,0.454901993275,0.596078455448,1],"e":[0.450980424881,0.454901993275,0.596078455448,1]},{"i":{"x":[0.833],"y":[0.833]},"o":{"x":[0.167],"y":[0.167]},"n":["0p833_0p833_0p167_0p167"],"t":200,"s":[0.450980424881,0.454901993275,0.596078455448,1],"e":[0.392156869173,0.529411792755,0.439215689898,1]},{"i":{"x":[0.833],"y":[0.833]},"o":{"x":[0.167],"y":[0.167]},"n":["0p833_0p833_0p167_0p167"],"t":210,"s":[0.392156869173,0.529411792755,0.439215689898,1],"e":[0.392156869173,0.529411792755,0.439215689898,1]},{"i":{"x":[0.833],"y":[0.833]},"o":{"x":[0.167],"y":[0.167]},"n":["0p833_0p833_0p167_0p167"],"t":240,"s":[0.392156869173,0.529411792755,0.439215689898,1],"e":[1,0.458823561668,0.490196108818,1]},{"t":250}],"ix":4},"o":{"a":0,"k":100,"ix":5},"r":1,"nm":"Fill 1","mn":"ADBE Vector Graphic - Fill","hd":false},{"ty":"tr","p":{"a":0,"k":[125,200],"ix":2},"a":{"a":0,"k":[0,0],"ix":1},"s":{"a":0,"k":[100,100],"ix":3},"r":{"a":0,"k":0,"ix":6},"o":{"a":0,"k":100,"ix":7},"sk":{"a":0,"k":0,"ix":4},"sa":{"a":0,"k":0,"ix":5},"nm":"Transform"}],"nm":"Group 5","np":2,"cix":2,"ix":1,"mn":"ADBE Vector Group","hd":false}],"ip":0,"op":240,"st":-10,"bm":0}],"markers":[]}